title,source,link,pubDate,fetchedAt
"Mike Vrabel speaks after new Dianna Russini photos released: ""My previous actions don't meet the standard that I hold myself to"" - CBS News",CBS News,https://www.cbsnews.com/boston/news/watch-live-mike-vrabel-news-conference-dianna-russini-nfl-draft/,2026-04-24T10:29:57Z,2026-04-25T12:22:33.351475+00:00
Stock futures trade mixed after Trump announces 3-week extension to Israel-Lebanon ceasefire: Live updates - CNBC,CNBC,https://www.cnbc.com/2026/04/23/stock-market-today-live-updates.html,2026-04-24T10:17:00Z,2026-04-25T12:22:33.351475+00:00
"Nato says US cannot suspend Spain from alliance, after reported Pentagon email - BBC",BBC News,https://www.bbc.com/news/articles/cz78x703lrvo,2026-04-24T10:14:37Z,2026-04-25T12:22:33.351475+00:00
Rams’ surprising pick of Ty Simpson came after showing little interest before the draft - NBC Sports,NBCSports.com,https://www.nbcsports.com/nfl/profootballtalk/rumor-mill/news/rams-surprising-pick-of-ty-simpson-came-after-showing-little-interest-before-the-draft,2026-04-24T08:49:10Z,2026-04-25T12:22:33.351475+00:00
"Tornado roars through Enid, Oklahoma, destroys homes, forces Air Force base to close - CBS News",CBS News,https://www.cbsnews.com/news/tornado-roars-through-parts-of-oklahoma/,2026-04-24T07:31:00Z,2026-04-25T12:22:33.351475+00:00
2 young people arrested in alleged plot to attack Houston synagogue - NPR,NPR,https://www.npr.org/2026/04/24/g-s1-118590/2-arrested-in-plot-to-attack-houston-synagogue,2026-04-24T05:45:37Z,2026-04-25T12:22:33.351475+00:00
"Horoscope for Friday, April 24, 2026 - Chicago Sun-Times",Suntimes.com,https://chicago.suntimes.com/horoscopes/2026/04/24/horoscopes-today-friday-april-24-2026,2026-04-24T05:01:00Z,2026-04-25T12:22:33.351475+00:00
U.S. special forces soldier arrested over Polymarket bets on Maduro raid - Axios,Axios,https://www.axios.com/2026/04/23/us-soldier-arrested-maduro-bet-polymarket,2026-04-24T03:53:45Z,2026-04-25T12:22:33.351475+00:00
Futures: Two AI Plays Jump After Iran News Hits Market - Investor's Business Daily,Investor's Business Daily,https://www.investors.com/market-trend/stock-market-today/dow-jones-futures-iran-news-servicenow-tesla-intel-soars-comfort-systems/,2026-04-24T03:05:00Z,2026-04-25T12:22:33.351475+00:00
"‘Matlock’ Boss Jennie Snyder Urman Breaks Down Season 2 Finale; Teases Time Jump, More Edwin Hodge - Deadline",Deadline,http://deadline.com/2026/04/matlock-season-2-finale-interview-1236869887/,2026-04-24T03:00:00Z,2026-04-25T12:22:33.351475+00:00
Caleb Downs drafted by Cowboys as first-round pick - Dallas Cowboys | Official Site of the Dallas Cowboys,DallasCowboys.com,https://www.dallascowboys.com/news/caleb-downs-drafted-by-cowboys-as-first-round-pick,2026-04-24T01:15:36Z,2026-04-25T12:22:33.351475+00:00
"After toasting €90B loan, EU leaders face up to the morning after - politico.eu",POLITICO.eu,https://www.politico.eu/article/eu-leaders-summit-toasting-ukraine-loan-morning-after-challenges-defense-budget-iran/,2026-04-24T00:55:00Z,2026-04-25T12:22:33.351475+00:00
Trump Says the US Is Weighing Purchase of Spirit Airlines - Bloomberg.com,Bloomberg,https://www.bloomberg.com/news/articles/2026-04-23/trump-says-he-is-thinking-about-the-us-buying-spirit-airlines,2026-04-23T23:03:07Z,2026-04-25T12:22:33.351475+00:00
US Reduces Marijuana Restrictions in Lift to Ailing Industry - Bloomberg,Bloomberg,https://www.bloomberg.com/news/articles/2026-04-23/us-reclassifies-state-licensed-marijuana-as-less-dangerous-drug,2026-04-23T22:46:14Z,2026-04-25T12:22:33.351475+00:00
Leak reveals new Xbox Game Pass “Starter Edition” that’s part of Discord Nitro - The Verge,The Verge,https://www.theverge.com/news/917880/xbox-game-pass-starter-edition-discord-nitro-bundle,2026-04-23T22:36:39Z,2026-04-25T12:22:33.351475+00:00
Giant octopuses may have ruled the oceans 100 million years ago - Phys.org,Phys.Org,https://phys.org/news/2026-04-giant-octopuses-oceans-million-years.html,2026-04-23T22:30:11Z,2026-04-25T12:22:33.351475+00:00
How ‘Michael’ Filmmakers Blended The King of Pop’s Singing Voice with Jaafar Jackson’s - The Hollywood Reporter,Hollywood Reporter,http://www.hollywoodreporter.com/music/film-tv-music-news/michael-jackson-jaafar-jackson-singing-1236573188/,2026-04-23T22:13:22Z,2026-04-25T12:22:33.351475+00:00
Search is on for gunmen after 10 injured in Mall of Louisiana shooting - NBC News,NBC News,https://www.nbcnews.com/news/us-news/multiple-people-wounded-mall-louisiana-shooting-suspects-still-large-rcna341681,2026-04-23T21:41:20Z,2026-04-25T12:22:33.351475+00:00
"Your Late Night Snacking Isn’t Doing Your Gut Any Favors, Study Finds - Gizmodo",Gizmodo.com,https://gizmodo.com/your-late-night-snacking-isnt-doing-your-gut-any-favors-study-finds-2000750026,2026-04-23T20:30:07Z,2026-04-25T12:22:33.351475+00:00
"Meta to lay off 8,000 as part of AI efficiency push - Axios",Axios,https://www.axios.com/2026/04/23/meta-layoffs-ai-efficiency-push,2026-04-23T20:17:58Z,2026-04-25T12:22:33.351475+00:00
"Meet Noscroll, an AI bot that does your doomscrolling for you - TechCrunch",TechCrunch,https://techcrunch.com/2026/04/23/meet-noscroll-an-ai-bot-that-does-your-doomscrolling-for-you/,2026-04-23T19:38:25Z,2026-04-25T12:22:33.351475+00:00
Who will blink first as the Iran war hits the world economy? - CNN,CNN,https://www.cnn.com/2026/04/23/middleeast/iran-war-standoff-analysis-intl,2026-04-23T19:35:32Z,2026-04-25T12:22:33.351475+00:00
‘Looksmaxxing’ Influencer Clavicular Kicked Off YouTube Again - Bloomberg.com,Bloomberg,https://www.bloomberg.com/news/articles/2026-04-23/-looksmaxxing-influencer-clavicular-kicked-off-youtube-again,2026-04-23T18:41:46Z,2026-04-25T12:22:33.351475+00:00
Inside the daring 3-hour operation to rescue a group of tourists from a cliff in Australia - CBS News,CBS News,https://www.cbsnews.com/news/australia-cliff-rescue-tourists/,2026-04-23T18:34:00Z,2026-04-25T12:22:33.351475+00:00
NASA Welcomes Jordan as 63rd Artemis Accords Signatory - NASA (.gov),NASA,https://www.nasa.gov/organizations/oiir/nasa-welcomes-jordan-as-63rd-artemis-accords-signatory/,2026-04-23T17:32:34Z,2026-04-25T12:22:33.351475+00:00
US health officials nix publication of a study on Covid vaccine effectiveness - NBC News,NBC News,https://www.nbcnews.com/health/health-news/study-covid-vaccine-effectiveness-halted-publication-cdc-rcna341623,2026-04-23T16:52:59Z,2026-04-25T12:22:33.351475+00:00
Interstellar invader comet 3I/ATLAS formed in a world much colder than the solar system - Space,Space.com,https://www.space.com/astronomy/comets/interstellar-invader-comet-3i-atlas-formed-in-a-world-much-colder-than-the-solar-system,2026-04-23T16:03:27Z,2026-04-25T12:22:33.351475+00:00
NJ warns of possible measles exposures at Newark Airport - Gothamist,Gothamist,https://gothamist.com/news/nj-warns-of-possible-measles-exposures-at-newark-airport,2026-04-23T15:28:00Z,2026-04-25T12:22:33.351475+00:00
Trump orders U.S. military to 'shoot and kill' Iranian small boats choking Strait of Hormuz - PBS,PBS,https://www.pbs.org/newshour/world/trump-orders-u-s-military-to-shoot-and-kill-iranian-small-boats-choking-strait-of-hormuz,2026-04-23T14:04:53Z,2026-04-25T12:22:33.351475+00:00
"Android 17 isn't out yet, but Google is already testing its first big update - Android Central",Android Central,https://www.androidcentral.com/apps-software/android-os/android-17-qpr1-beta-1-released,2026-04-23T10:05:19Z,2026-04-25T12:22:33.351475+00:00
Lyrid meteor shower peaks over Michigan: When and how to watch through April 25 - ClickOnDetroit | WDIV Local 4,WDIV ClickOnDetroit,https://www.clickondetroit.com/weather/2026/04/23/lyrid-meteor-shower-peaks-over-michigan-when-and-how-to-watch-through-april-25/,2026-04-23T09:00:01Z,2026-04-25T12:22:33.351475+00:00
Personalized Vaccine For 'Deadliest Major Cancer' Keeps Patients Alive 6 Years Later - ScienceAlert,ScienceAlert,https://www.sciencealert.com/personalized-vaccine-for-deadliest-major-cancer-keeps-patients-alive-6-years-later,2026-04-23T02:24:58Z,2026-04-25T12:22:33.351475+00:00
South Korean prosecutors deny police request for arrest warrant for BTS pop mogul,ABC News,https://abcnews.com/Business/wireStory/south-korean-prosecutors-deny-police-request-arrest-warrant-132339136,2026-04-24T10:05:55Z,2026-04-25T12:30:35.635684+00:00
What to know if your flight is canceled amid rising jet fuel costs,ABC News,https://abcnews.com/Business/wireStory/flight-canceled-amid-rising-jet-fuel-costs-132337340,2026-04-24T04:30:43Z,2026-04-25T12:30:35.635684+00:00
China to send giant pandas to Atlanta again,ABC News,https://abcnews.com/Lifestyle/wireStory/china-send-giant-pandas-atlanta-132336958,2026-04-24T04:13:01Z,2026-04-25T12:30:35.635684+00:00
"Meta to slash 8,000 jobs as Microsoft offers buyouts",ABC News,https://abcnews.com/Technology/wireStory/meta-slashes-8000-jobs-10-workforce-microsoft-offers-132325977,2026-04-23T19:35:00Z,2026-04-25T12:30:35.635684+00:00
Former police officer arrested over alleged mass shooting plot at Louisiana festival,ABC News,https://abcnews.com/US/former-police-officer-arrested-alleged-mass-shooting-plot/story?id=132314230,2026-04-23T19:13:31Z,2026-04-25T12:30:35.635684+00:00
Syrian authorities arrest main suspect in 2013 Tadamon massacre,Al Jazeera English,https://www.aljazeera.com/news/2026/4/24/main-suspect-in-tadamon-massacre-arrested-in-operation,2026-04-24T12:14:41Z,2026-04-25T12:30:36.137474+00:00
"With 3,000 containers stuck in Pakistan, Iran explores more land routes",Al Jazeera English,https://www.aljazeera.com/news/2026/4/24/with-3000-containers-stuck-in-pakistan-iran-explores-more-land-routes,2026-04-24T11:53:22Z,2026-04-25T12:30:36.137474+00:00
"Russian troops, warships in India soon? Why their new military pact matters",Al Jazeera English,https://www.aljazeera.com/features/2026/4/24/russian-troops-warships-in-india-soon-why-their-new-military-pact-matters,2026-04-24T11:51:00Z,2026-04-25T12:30:36.137474+00:00
How long can Iran survive the US’s Hormuz blockade?,Al Jazeera English,https://www.aljazeera.com/news/2026/4/24/how-long-can-iran-survive-the-uss-hormuz-blockade,2026-04-24T11:26:11Z,2026-04-25T12:30:36.137474+00:00
"US considers suspending Spain from NATO, reported internal email suggests",Al Jazeera English,https://www.aljazeera.com/news/2026/4/24/us-weighs-retaliation-against-nato-allies-over-iran-war-divisions-reuters,2026-04-24T11:06:00Z,2026-04-25T12:30:36.137474+00:00
India denounces ‘hellhole’ remark shared by Trump,Al Jazeera English,https://www.aljazeera.com/news/2026/4/24/india-denounces-hellhole-remark-shared-by,2026-04-24T09:04:14Z,2026-04-25T12:30:36.137474+00:00
Global hunger report warns of rising malnutrition and famine risks,Al Jazeera English,https://www.aljazeera.com/news/2026/4/24/global-hunger-report-warns-of-rising-malnutrition-and-famine-risks,2026-04-24T09:02:15Z,2026-04-25T12:30:36.137474+00:00
Gold is unaffordable so South Asian brides turn to one gram substitutes,Al Jazeera English,https://www.aljazeera.com/news/2026/4/24/south-asias-gold-obsession-faces-soaring-price-challenges-at-weddings,2026-04-24T08:08:08Z,2026-04-25T12:30:36.137474+00:00
UK rights groups slam ‘authoritarian’ conviction of pro-Palestine activists,Al Jazeera English,https://www.aljazeera.com/news/2026/4/24/uk-rights-groups-slam-conviction-of-pro-palestine-protest-organisers,2026-04-24T07:22:21Z,2026-04-25T12:30:36.137474+00:00
Iran war live: Lebanon truce extended; Trump says time not on Tehran’s side,Al Jazeera English,https://www.aljazeera.com/news/liveblog/2026/4/24/iran-war-live-lebanon-truce-extended-trump-says-time-not-on-tehrans-side,2026-04-24T00:00:00Z,2026-04-25T12:30:36.137474+00:00
Switch emulator Ryujinx shuts down development after “contact by Nintendo”,Ars Technica,https://arstechnica.com/gaming/2024/10/switch-emulator-ryujinx-shuts-down-development-after-contact-by-nintendo/,2024-10-01T21:37:12+00:00,2026-04-25T12:30:36.601425+00:00
Lab owner pleads guilty to faking COVID test results during pandemic,Ars Technica,https://arstechnica.com/science/2024/10/covid-fraudster-pleads-guilty-faces-20-years-for-role-in-83m-testing-scam/,2024-10-01T21:13:36+00:00,2026-04-25T12:30:36.601425+00:00
AI digests repetitive scatological document into profound “poop” podcast,Ars Technica,https://arstechnica.com/ai/2024/10/ai-digests-repetitive-scatological-document-into-profound-poop-podcast/,2024-10-01T20:10:33+00:00,2026-04-25T12:30:36.601425+00:00
"Crook made millions by breaking into execs’ Office365 inboxes, feds say",Ars Technica,https://arstechnica.com/security/2024/10/crook-made-millions-by-breaking-into-execs-office365-inboxes-feds-say/,2024-10-01T19:40:59+00:00,2026-04-25T12:30:36.601425+00:00
OpenAI unveils easy voice assistant creation at 2024 developer event,Ars Technica,https://arstechnica.com/information-technology/2024/10/openai-unveils-easy-voice-assistant-creation-at-2024-developer-event/,2024-10-01T19:16:14+00:00,2026-04-25T12:30:36.601425+00:00
T-Mobile pays $16 million fine for three years’ worth of data breaches,Ars Technica,https://arstechnica.com/tech-policy/2024/10/t-mobile-pays-16-million-fine-for-three-years-worth-of-data-breaches/,2024-10-01T18:39:24+00:00,2026-04-25T12:30:36.601425+00:00
Toxic chemicals from Ohio train derailment lingered in buildings for months,Ars Technica,https://theconversation.com/toxic-chemicals-from-ohio-train-derailment-lingered-in-buildings-for-months-heres-what-our-investigation-found-in-east-palestine-238511,2024-10-01T18:39:09+00:00,2026-04-25T12:30:36.601425+00:00
"“Extreme” Broadcom-proposed price hike would up VMware costs 1,050%, AT&T says",Ars Technica,https://arstechnica.com/information-technology/2024/10/broadcom-tried-to-jack-vmware-prices-by-1050-percent-att-claims/,2024-10-01T18:22:47+00:00,2026-04-25T12:30:36.601425+00:00
Car dealers renew their opposition to EV mandates,Ars Technica,https://arstechnica.com/cars/2024/10/car-dealers-renew-their-opposition-to-ev-mandates/,2024-10-01T17:31:26+00:00,2026-04-25T12:30:36.601425+00:00
"eBay listings for banned chemicals shielded by Section 230, judge rules",Ars Technica,https://arstechnica.com/tech-policy/2024/10/ebay-defeats-doj-lawsuit-fighting-sale-of-toxic-pesticides-deadly-chemicals/,2024-10-01T17:20:31+00:00,2026-04-25T12:30:36.601425+00:00
Analysis: Iran war recalls US Navy's experience in 1980s 'Tanker war',Associated Press,https://apnews.com/article/iran-strait-hormuz-closed-us-military-analysis-5df204d8321e76cfad30c4329eb8d1ac,2026-04-24T07:26:30Z,2026-04-25T12:30:37.097600+00:00
NATO and Russian pilots size each other up in Baltic skies,Associated Press,https://apnews.com/article/france-nato-russia-baltic-rafale-romania-5e60f8bb039282aa97fb076cbf1ca073,2026-04-24T06:04:17Z,2026-04-25T12:30:37.097600+00:00
Plenty of high-end talent available for NFL teams on Day 2 of draft,Associated Press,https://apnews.com/article/nfl-draft-best-available-c4439f99efdefbcc455887bf1a3ca486,2026-04-24T04:57:54Z,2026-04-25T12:30:37.097600+00:00
Flight canceled amid jet fuel shock? What travelers should know,Associated Press,https://apnews.com/article/jet-fuel-flight-canceled-refund-passenger-rights-8fcae5bc8b618ca5b952e91e0672cea3,2026-04-24T04:30:43Z,2026-04-25T12:30:37.097600+00:00
Medical marijuana has been reclassified. Is recreational pot next?,Associated Press,https://apnews.com/article/marijuana-schedule-cannabis-trump-4a3ba752923ca1de103b3cd0ee3eb28a,2026-04-24T04:27:51Z,2026-04-25T12:30:37.097600+00:00
Live updates: Israel and Lebanon extend ceasefire while Trump issues 'shoot and kill' order in Strait,Associated Press,https://apnews.com/live/iran-war-israel-trump-04-24-2026,2026-04-24T01:01:00Z,2026-04-25T12:30:37.097600+00:00
Trump defends drug price claims by citing 'two ways of calculating',Associated Press,https://apnews.com/article/trump-fake-math-drug-price-reductions-1c89714a4b60ead1485d1de31b27da92,2026-04-23T22:54:33Z,2026-04-25T12:30:37.097600+00:00
Feds charge soldier with using intel to win $400K bet on Maduro raid,Associated Press,https://apnews.com/article/solider-justice-department-polymarmet-74047663d9ae104127948896fdfb59d9,2026-04-23T22:12:21Z,2026-04-25T12:30:37.097600+00:00
"Trump threats against Iran are a boon for prediction markets, including some backed by his son",Associated Press,https://apnews.com/article/prediction-markets-trump-iran-war-ceasefire-polymarket-kalshi-15946a9ab492e679437d58a2f9ceb35c,2026-04-23T12:32:31Z,2026-04-25T12:30:37.097600+00:00
Raiders select QB Fernando Mendoza with first pick in NFL draft,Associated Press,https://apnews.com/article/nfl-draft-pittsburgh-mendoza-c69763dbea64665a5806bab697fa27df,2026-04-23T10:00:38Z,2026-04-25T12:30:37.097600+00:00
"Over-the-counter birth control is a post-Roe ""game-changer""",Axios,https://www.axios.com/2023/07/13/birth-control-prescribed-pharmacists,2023-07-13T19:16:26Z,2026-04-25T12:30:37.615594+00:00
Hollywood shuts down as actors join writers on strike,Axios,https://www.axios.com/2023/07/13/sag-aftra-wga-strike-hollywood,2023-07-13T17:42:29Z,2026-04-25T12:30:37.615594+00:00
FTC opens probe into ChatGPT maker OpenAI,Axios,https://www.axios.com/2023/07/13/ftc-investigate-openai-chatgpt,2023-07-13T16:18:05Z,2026-04-25T12:30:37.615594+00:00
Secret Service ends investigation into cocaine found at White House,Axios,https://www.axios.com/2023/07/13/secret-service-cocaine-investigation-white-house,2023-07-13T15:31:37Z,2026-04-25T12:30:37.615594+00:00
"Cassidy Hutchinson, key witness at Jan. 6 hearings, plans memoir this fall",Axios,https://www.axios.com/2023/07/13/cassidy-hutchinson-jan-6-hearings-memoir,2023-07-13T10:47:06Z,2026-04-25T12:30:37.615594+00:00
"The country's new business hot spots, mapped",Axios,https://www.axios.com/2023/07/13/new-business-hot-spots,2023-07-13T09:30:06Z,2026-04-25T12:30:37.615594+00:00
FTC to appeal ruling paving the way for Microsoft-Activision deal,Axios,https://www.axios.com/2023/07/12/microsoft-activision-at-the-beginning,2023-07-12T23:56:07Z,2026-04-25T12:30:37.615594+00:00
"No Labels, no hesitation",Axios,https://www.axios.com/2023/07/12/no-labels-poll-third-party-manchin,2023-07-12T23:51:08Z,2026-04-25T12:30:37.615594+00:00
"Trump supporter Ray Epps sues Fox News for defamation over Jan. 6 ""falsehoods""",Axios,https://www.axios.com/2023/07/12/ray-epps-sues-fox-news-defamation-jan-6,2023-07-12T21:49:15Z,2026-04-25T12:30:37.615594+00:00
Anchor Brewing Company to shutter after 127 years,Axios,https://www.axios.com/local/san-francisco/2023/07/12/anchor-steam-beer-brewery-shut-down,2023-07-12T21:41:11Z,2026-04-25T12:30:37.615594+00:00
"Post-Ohtani Plans for Blue Jays, Giants, Cubs and Angels to Win MLB Offseason",Bleacher Report,https://bleacherreport.com/articles/10100906-post-ohtani-plans-for-blue-jays-giants-cubs-and-angels-to-win-mlb-offseason,2023-12-13T12:00:00Z,2026-04-25T12:30:38.136536+00:00
Ranking the Backup Quarterbacks Who Could Lead a 2024 NFL Playoff Run,Bleacher Report,https://bleacherreport.com/articles/10100861-ranking-the-backup-quarterbacks-who-could-lead-a-2024-nfl-playoff-run,2023-12-13T12:00:00Z,2026-04-25T12:30:38.136536+00:00
Ranking Fringe NFL Playoff Contenders Most Likely to Get into 2023 Postseason,Bleacher Report,https://bleacherreport.com/articles/10100873-ranking-fringe-nfl-playoff-contenders-most-likely-to-get-into-2023-postseason,2023-12-13T12:00:00Z,2026-04-25T12:30:38.136536+00:00
Predicting Landing Spots for Biggest Names in the 2023 Transfer Portal,Bleacher Report,https://bleacherreport.com/articles/10100781-predicting-landing-spots-for-biggest-names-in-the-2023-transfer-portal,2023-12-12T12:00:00Z,2026-04-25T12:30:38.136536+00:00
Unique Stats from the 2023 College Football Regular Season,Bleacher Report,https://bleacherreport.com/articles/10100739-unique-stats-from-the-2023-college-football-regular-season,2023-12-12T12:00:00Z,2026-04-25T12:30:38.136536+00:00
New Micah Parsons Show,Bleacher Report,https://bleacherreport.com/videos/490566-the-edge-w-micah-parsons-ep-11-vod,2023-11-27T20:37:24.6381564Z,2026-04-25T12:30:38.136536+00:00
Mikal Bridges Interview,Bleacher Report,https://bleacherreport.com/videos/491103-taylor-rooks-x-mikal-bridges-vod,2023-11-27T20:37:24.3882176Z,2026-04-25T12:30:38.136536+00:00
"US Premarket Movers for April 24, 2026",Bloomberg,https://www.bloomberg.com/news/articles/2026-04-24/us-stock-futures-today-intel-maxlinear-organon-procter-gamble,2026-04-24T11:53:19+00:00,2026-04-25T12:30:38.625300+00:00
"Iran Foreign Minister to Visit Islamabad Friday, Pakistan Says",Bloomberg,https://www.bloomberg.com/news/articles/2026-04-24/pakistan-says-iran-foreign-minister-to-visit-islamabad-friday,2026-04-24T11:46:24+00:00,2026-04-25T12:30:38.625300+00:00
Netanyahu Reveals He Had Successful Prostate Cancer Treatment,Bloomberg,https://www.bloomberg.com/news/articles/2026-04-24/netanyahu-reveals-he-had-successful-prostate-cancer-treatment,2026-04-24T11:28:16+00:00,2026-04-25T12:30:38.625300+00:00
Hedge Fund Collapse Sparks Global Hunt for Almost $600 Million,Bloomberg,https://www.bloomberg.com/news/articles/2026-04-24/hedge-fund-collapse-sparks-global-hunt-for-almost-600-million,2026-04-24T11:00:13+00:00,2026-04-25T12:30:38.625300+00:00
"P&amp;G Beats Expectations, Projects $150 Million of Commodity Costs",Bloomberg,https://www.bloomberg.com/news/articles/2026-04-24/p-g-beats-expectations-projects-150-million-of-commodity-costs,2026-04-24T11:00:00+00:00,2026-04-25T12:30:38.625300+00:00
Investors Bet on Trade Schools as AI Clouds White-Collar Job Market,Bloomberg,https://www.bloomberg.com/news/articles/2026-04-24/investors-bet-on-trade-schools-as-ai-clouds-white-collar-job-market,2026-04-24T11:00:00+00:00,2026-04-25T12:30:38.625300+00:00
White House Extends Shipping Waiver to August to Ease Oil Crunch,Bloomberg,https://www.bloomberg.com/news/articles/2026-04-24/white-house-extends-shipping-waiver-to-august-to-ease-oil-crunch,2026-04-24T11:00:00+00:00,2026-04-25T12:30:38.625300+00:00
Richer European Countries Question Multi-Trillion Budget Talks,Bloomberg,https://www.bloomberg.com/news/articles/2026-04-24/richer-european-countries-question-multi-trillion-budget-talks,2026-04-24T10:56:59+00:00,2026-04-25T12:30:38.625300+00:00
Europe’s Aerospace Stocks Rack Up Biggest Weekly Losses in Years,Bloomberg,https://www.bloomberg.com/news/articles/2026-04-24/europe-s-aerospace-stocks-rack-up-biggest-weekly-losses-in-years,2026-04-24T10:47:04+00:00,2026-04-25T12:30:38.625300+00:00
Iran Keeps Loading Oil Onto Tankers Even as US Blocks Exit Route,Bloomberg,https://www.bloomberg.com/news/articles/2026-04-24/iran-keeps-loading-oil-onto-tankers-even-as-us-blocks-exit-route,2026-04-24T10:42:26+00:00,2026-04-25T12:30:38.625300+00:00
"Schweizer Exclusive: Walls Are Closing In on Birth Tourism Industry, But We Must Act Now",Breitbart News,https://web.breitbart.com/videos/schweizer-exclusive-walls-are-closing-in-on-birth-tourism-industry-but-we-must-act-now?utm_source=breitbart&utm_medium=VideoPreview&utm_content=side_pos_1&utm_campaign=confidential_ep392,2026-04-24T06:22:16.7470047Z,2026-04-25T12:30:39.909174+00:00
"California Crazy: Democrat Candidates Give Newsom Passing Grade on Homelessness, Want CDLs for Non-English Speakers",Breitbart News,https://www.breitbart.com/clips/2026/04/23/california-crazy-democrat-candidates-give-newsom-passing-grade-on-homelessness-want-cdls-for-non-english-speakers/,2026-04-24T04:46:59Z,2026-04-25T12:30:39.915682+00:00
Marlow: Holder Promises Mass Lawfare if Dems Win Midterms. Believe Him.,Breitbart News,https://www.breitbart.com/clips/2026/04/23/marlow-holder-promises-mass-lawfare-if-dems-win-midterms-believe-him/,2026-04-24T04:46:57Z,2026-04-25T12:30:39.915682+00:00
Trump Extends Israel-Lebanon Ceasefire 3 Weeks After Landmark White House Talks,Breitbart News,https://www.breitbart.com/politics/2026/04/23/trump-extends-israel-lebanon-ceasefire-3-weeks-white-house-talks/,2026-04-24T01:34:33Z,2026-04-25T12:30:39.915682+00:00
Trump Cuts Deal with Regeneron: 17th Pharmaceutical Deal Since Fall,Breitbart News,https://www.breitbart.com/politics/2026/04/23/trump-strikes-deal-with-regeneron-marking-17th-major-pharmaceutical-deal-since-fall/,2026-04-23T23:50:00Z,2026-04-25T12:30:39.915682+00:00
Virginia A.G. on if Redistricting Language Was Misleading: There Was a Campaign Where Sides Made Case,Breitbart News,https://www.breitbart.com/clips/2026/04/23/virginia-a-g-on-if-redistricting-language-was-misleading-there-was-a-campaign-where-sides-made-case/,2026-04-23T23:31:38Z,2026-04-25T12:30:39.915682+00:00
Virginia A.G. on Mathematical Timing Issue with Redistricting Vote: The Judge Is an Activist,Breitbart News,https://www.breitbart.com/clips/2026/04/23/virginia-a-g-on-mathematical-timing-issue-with-redistricting-vote-the-judge-is-an-activist/,2026-04-23T23:31:34Z,2026-04-25T12:30:39.915682+00:00
James Talarico Denounces Ten Commandments Displays in Classrooms,Breitbart News,https://www.breitbart.com/politics/2026/04/23/james-talarico-calls-ten-commandments-display-in-public-classrooms-unchristian/,2026-04-23T22:54:11Z,2026-04-25T12:30:39.915682+00:00
"Cellular Giants Threaten Trump’s Job-Creating Spectrum Success, Study Warns",Breitbart News,https://www.breitbart.com/politics/2026/04/24/cellular-giants-threaten-trumps-job-creating-spectrum-success-study-warns/,2026-04-23T20:54:37Z,2026-04-25T12:30:39.915682+00:00
Breitbart Business Digest: What Happens if There's No Confirmation Before Powell's Term Ends?,Breitbart News,https://www.breitbart.com/economy/2026/04/23/breitbart-business-digest-what-happens-if-theres-no-confirmation-before-powells-term-ends/,2026-04-23T19:47:08Z,2026-04-25T12:30:39.915682+00:00
BMW and Porsche have a China problem. They're not the only ones.,Business Insider,http://www.businessinsider.com/bmw-porsche-china-sales-falling-byd-xpeng-2025-1,2025-01-13T12:27:46Z,2026-04-25T12:30:40.359101+00:00
"LA fires: Landlords are price gouging, says 'Selling Sunset' star",Business Insider,http://www.businessinsider.com/la-fires-jason-oppenheim-landlords-price-gouging-selling-sunset-star-2025-1,2025-01-13T12:00:34Z,2026-04-25T12:30:40.359101+00:00
Blockchain giant Chainalysis acquires AI agent startup Alterya,Business Insider,http://www.businessinsider.com/ai-agent-startup-alterya-acquired-by-chainalysis-2025-1,2025-01-13T12:00:01Z,2026-04-25T12:30:40.359101+00:00
Why investors shouldn't worry about stretched stock market valuations: BofA,Business Insider,https://markets.businessinsider.com/news/stocks/stock-market-hits-extreme-valuations-get-used-to-it-outlook-2025-1,2025-01-13T11:30:02Z,2026-04-25T12:30:40.359101+00:00
Why middle managers are valuable to companies and their employees,Business Insider,http://www.businessinsider.com/middle-managers-valuable-company-employee-success-growth-2025-1,2025-01-13T10:05:01Z,2026-04-25T12:30:40.359101+00:00
People can bet on the Los Angeles wildfires. It's a sign of the times.,Business Insider,http://www.businessinsider.com/california-los-angeles-palisades-fires-bets-gambling-wagers-polymarket-2025-1,2025-01-13T09:07:02Z,2026-04-25T12:30:40.359101+00:00
Blue Origin cancels rocket launch because of 'vehicle subsystem issue',Business Insider,http://www.businessinsider.com/blue-origin-cancels-rocket-launch-because-of-vehicle-subsystem-issue-2025-1,2025-01-13T08:32:09Z,2026-04-25T12:30:40.359101+00:00
Mark Zuckerberg enters his next era as Trump takes office,Business Insider,http://www.businessinsider.com/mark-zuckerberg-new-identity-trump-elon-musk-fact-check-dei-2025-1,2025-01-12T19:17:19Z,2026-04-25T12:30:40.359101+00:00
"Celebrities who lost homes in LA, Palisades fires: Full list",Business Insider,http://www.businessinsider.com/la-wildfire-pacific-palisades-malibu-celebrities-neighborhood-a-listers-2025-1,2025-01-12T11:54:05Z,2026-04-25T12:30:40.359101+00:00
5 do's and don'ts to land a job in the private-credit boom,Business Insider,http://www.businessinsider.com/private-credit-career-pathways-junior-roles-senior-roles-2025-1,2025-01-11T10:15:01Z,2026-04-25T12:30:40.359101+00:00
Like Father Like Child: Inheriting A Secret Compulsion,Buzzfeed,https://www.buzzfeed.com/shaunsperling/addiction-shoplifting-dad-son,2026-04-24T08:52:48.3802538Z,2026-04-25T12:30:40.885269+00:00
Vote: Top Chart-Topping Hits Of The 2020s,Buzzfeed,https://www.buzzfeed.com/brookespieler1/were-over-halfway-through-the-2020s-so-lets-vote,2026-04-24T08:52:47.8335134Z,2026-04-25T12:30:40.885269+00:00
14 Celebrity Bodyguards Stories Secrets,Buzzfeed,https://www.buzzfeed.com/kaylayandoli/celebrity-bodyguard-stories-secrets,2026-04-24T08:52:46.5525848Z,2026-04-25T12:30:40.885269+00:00
What's My Favorite Movie Genre 2020s Music Quiz,Buzzfeed,https://www.buzzfeed.com/hazelyxlee/make-a-2020s-playlist-and-well-guess-your-fav-mov,2026-04-24T08:52:45.7090457Z,2026-04-25T12:30:40.885269+00:00
Test Your Flower Knowledge With This Visual Quiz,Buzzfeed,https://www.buzzfeed.com/lovelykid20/can-you-identify-these-flowers,2026-04-24T08:52:45.0217176Z,2026-04-25T12:30:40.885269+00:00
The Reality Of Paid Period Leave Can Be More Complex Than It Seems,Buzzfeed,https://www.buzzfeed.com/aglover/paid-period-leave-complications,2026-04-24T08:52:44.4124938Z,2026-04-25T12:30:40.885269+00:00
"Graham Norton Spills The Tea On All Things Talkshows, ""Eurovision"", And ""Drag Race""",Buzzfeed,https://www.buzzfeed.com/bendzialdowski/graham-norton-show-interview-behind-the-scenes,2026-04-24T08:52:38.7732783Z,2026-04-25T12:30:40.885269+00:00
These 3 Simba Bedding Essentials Are The Real Secret To A Cool Night’s Sleep,Buzzfeed,https://www.buzzfeed.com/honeyjanewyatt/simba-sleep-bedding,2026-04-24T08:52:32.321766Z,2026-04-25T12:30:40.885269+00:00
Newsletters,Buzzfeed,https://www.buzzfeed.com/newsletters?ref=hplego,2026-04-24T08:52:28.6664294Z,2026-04-25T12:30:40.885269+00:00
Ask A Dietitian: What's The Healthiest Type Of Rice?,Buzzfeed,https://www.buzzfeed.com/aglover/healthiest-rice,2026-04-24T08:52:25.0579567Z,2026-04-25T12:30:40.885269+00:00
"As U.S. re-arms during Iran ceasefire, long-term concerns emerge about advanced munitions supplies",CBS News,https://www.cbsnews.com/news/us-rearms-iran-ceasefire-advanced-munitions-supplies/,2026-04-24T11:32:10+00:00,2026-04-25T12:30:41.605589+00:00
"60-foot octopus prowled seas as apex predator during age of dinosaurs, fossilized jaws show",CBS News,https://www.cbsnews.com/news/octopus-prowled-seas-apex-predator-age-dinosaurs-study/,2026-04-24T11:27:53+00:00,2026-04-25T12:30:41.605589+00:00
"Live Updates: With U.S. and Iran locked in Strait of Hormuz standoff, Hezbollah rejects Lebanon ceasefire",CBS News,https://www.cbsnews.com/live-updates/us-iran-war-trump-strait-of-hormuz-hezbollah-lebanon-israel-ceasefire/,2026-04-24T11:27:33+00:00,2026-04-25T12:30:41.605589+00:00
"Hegseth and Caine holding news conference on Iran war, as ceasefire grinds on but tension swirls in Strait of Hormuz",CBS News,https://www.cbsnews.com/news/hegseth-caine-news-conference-iran-war-ceasefire-lebanon-israel-hormuz-4-23/,2026-04-24T10:59:44+00:00,2026-04-25T12:30:41.605589+00:00
"10 cartel members linked to brother of drug lord ""El Chapo"" captured in Mexico in operation aided by U.S. intelligence",CBS News,https://www.cbsnews.com/news/cartel-members-el-chapo-brother-captured-mexico/,2026-04-24T10:35:15+00:00,2026-04-25T12:30:41.605589+00:00
"Prince Harry implores U.S. to do more for Ukraine, accuses Russia of war crimes on surprise visit to Kyiv",CBS News,https://www.cbsnews.com/news/prince-harry-ukraine-accuses-russia-war-crimes-kyiv-visit/,2026-04-24T08:51:28+00:00,2026-04-25T12:30:41.605589+00:00
"Tornado roars through Enid, Oklahoma, destroys homes, forces Air Force base to close",CBS News,https://www.cbsnews.com/news/tornado-roars-through-parts-of-oklahoma/,2026-04-24T07:31:00+00:00,2026-04-25T12:30:41.605589+00:00
John Phelan out as Navy secretary in latest high-profile Trump administration departure,CBS News,https://www.cbsnews.com/news/john-phelan-out-navy-secretary/,2026-04-24T01:29:59+00:00,2026-04-25T12:30:41.605589+00:00
"Live Updates: Israel-Lebanon ceasefire extended by 3 weeks following White House peace talks, Trump says",CBS News,https://www.cbsnews.com/live-updates/iran-war-trump-video-strait-of-hormuz-ship-attack-ceasefire-lebanon/,2026-04-24T00:41:54+00:00,2026-04-25T12:30:41.605589+00:00
The 2026 NFL Draft: Day 1 recap of first-round picks,CBS News,https://www.cbsnews.com/news/nfl-draft-team-order-2026/,2026-04-24T00:21:40+00:00,2026-04-25T12:30:41.605589+00:00
Argument leads to shooting at Louisiana mall | CNN,CNN,https://www.cnn.com/2026/04/24/us/video/argument-leads-to-shooting-at-louisiana-mall-vrtc,2026-04-24T12:07:49.5595693Z,2026-04-25T12:30:42.467781+00:00
UN peacekeepers replace crucifix damaged by Israeli military | CNN,CNN,https://www.cnn.com/2026/04/24/world/video/lebanon-israel-jesus-cross-statue-un-peacekeepers-vrtc-ldn-digvid,2026-04-24T12:07:40.0931847Z,2026-04-25T12:30:42.467781+00:00
The music of ‘The Super Mario Galaxy Movie’ is powered by a tale of survival,CNN,https://www.cnn.com/2026/04/24/entertainment/brian-tyler-super-mario-galaxy-movie,2026-04-24T12:01:51Z,2026-04-25T12:30:42.467781+00:00
Netanyahu reveals he quietly underwent treatment for undisclosed prostate cancer,CNN,https://www.cnn.com/2026/04/24/middleeast/netanyahu-prostate-cancer-treatment-intl,2026-04-24T11:45:23Z,2026-04-25T12:30:42.467781+00:00
"Newer testing methods suggest significant silent spread of measles in the US, threatening elimination",CNN,https://www.cnn.com/2026/04/24/health/newer-testing-silent-spread-measles-elimination,2026-04-24T11:00:50Z,2026-04-25T12:30:42.467781+00:00
The most feared delivery driver in Lebanon | CNN,CNN,https://www.cnn.com/2026/04/24/world/video/lebanese-delivery-driver-avichay-adraee-israeli-spokesperson-lookalike-afiday-saifi-vrtc,2026-04-24T10:07:44.6450164Z,2026-04-25T12:30:42.467781+00:00
Owners vs. renters: The political battle over America’s single-family homes,CNN,https://www.cnn.com/2026/04/24/business/housing-renting-affordability-congress,2026-04-24T10:00:51Z,2026-04-25T12:30:42.467781+00:00
The White House wants to focus 2026 on Democrats. That’ll be tough,CNN,https://www.cnn.com/2026/04/24/politics/white-house-2026-strategy-democrats-trump,2026-04-24T10:00:50Z,2026-04-25T12:30:42.467781+00:00
Rex Heuermann admitted he killed 8 women. What about Gilgo Beach’s other bodies?,CNN,https://www.cnn.com/2026/04/24/us/gilgo-beach-victims,2026-04-24T09:00:51Z,2026-04-25T12:30:42.467781+00:00
Kinky rubber tables and spikes. These provocative designs will make you rethink how you style your home,CNN,https://www.cnn.com/2026/04/24/style/milan-design-week-inspiration,2026-04-24T08:05:24Z,2026-04-25T12:30:42.467781+00:00
"Logan Paul’s $635,000 NFT ‘Mistake’ Plunges 99% — Where Are Other Celebrity NFTs Now?",Crypto Coins News,https://www.ccn.com/news/crypto/logan-pauls-635000-nft-mistake-plunges-where-are-celebrity-nfts-now/,2026-02-18T12:02:16Z,2026-04-25T12:30:43.339162+00:00
Riot Faces Growing Pressure To Move From Bitcoin Mining to AI,Crypto Coins News,https://www.ccn.com/news/crypto/riot-faces-growing-pressure-to-move-from-bitcoin-mining-to-ai/,2026-02-18T11:48:51Z,2026-04-25T12:30:43.339162+00:00
Altcoin Sell Pressure Hits 5-Year Extreme — Is This the Bottom Signal Investors Have Waited For?,Crypto Coins News,https://www.ccn.com/news/crypto/altcoin-sell-pressure-5-year-extreme-the-bottom-signal-investors-waited-for/,2026-02-18T10:52:18Z,2026-04-25T12:30:43.339162+00:00
"Ethereum (ETH) Price Can't Hold $2,000 — It May Get Worse Before It Gets Better",Crypto Coins News,https://www.ccn.com/analysis/crypto/ethereum-eth-price-cant-hold-price-worse-before-better/,2026-02-17T14:01:50Z,2026-04-25T12:30:43.339162+00:00
ORCA Price Jumps 70% as Nansen NX8 Boosts Exposure — What’s Next for the Token?,Crypto Coins News,https://www.ccn.com/analysis/crypto/orca-price-jumps-nansen-nx8-boosts-exposure/,2026-02-17T13:22:32.3647371Z,2026-04-25T12:30:43.339162+00:00
XRP Price Analysis: Why $2 Remains a ‘Pipe Dream’ Amid Lingering Bearish Sentiment,Crypto Coins News,https://www.ccn.com/analysis/crypto/xrp-price-analysis-lingering-bearish-sentiment/,2026-02-17T11:56:15Z,2026-04-25T12:30:43.339162+00:00
Hyperliquid vs Aster: An Honest Analysis,Crypto Coins News,https://www.ccn.com/analysis/technology/hyperliquid-vs-aster-analysis/,2025-10-29T13:00:10Z,2026-04-25T12:30:43.339162+00:00
100x Leverage Isn’t the Problem — Your Position Sizing Is,Crypto Coins News,https://www.ccn.com/analysis/technology/leverage-isnt-problem-position-sizing-is/,2025-10-22T11:32:16Z,2026-04-25T12:30:43.339162+00:00
Perps Account for 90% of Crypto Market Behavior,Crypto Coins News,https://www.ccn.com/analysis/technology/perpetuals-account-majority-crypto-market-behavior/,2025-10-15T11:32:16Z,2026-04-25T12:30:43.339162+00:00
Who Really Controls Aster Token?,Crypto Coins News,https://www.ccn.com/analysis/technology/six-wallets-that-control-aster-token/,2025-10-08T13:00:36Z,2026-04-25T12:30:43.339162+00:00
"Jamie Lee Curtis' 'Murder, She Wrote' movie delayed until 2028, avoids clash with Gollum and the Avengers",Entertainment Weekly,https://ew.com/jamie-lee-curtis-murder-she-wrote-movie-delayed-to-2028-11957693,2026-04-24T05:52:22.5356785Z,2026-04-25T12:30:44.365491+00:00
'Survivor' star Christian Hubicki confronts Jimmy Fallon after elimination over failed Fallon challenge,Entertainment Weekly,https://ew.com/survivor-star-christian-hubicki-confronts-jimmy-fallon-11957655,2026-04-24T04:52:17.1833913Z,2026-04-25T12:30:44.365491+00:00
Billie Eilish looks back at her Belieber days,Entertainment Weekly,https://ew.com/billie-eilish-looks-back-at-her-love-of-justin-bieber-11957691,2026-04-24T04:22:21.9564157Z,2026-04-25T12:30:44.365491+00:00
'Matlock' season 2 ending explained: Are we done with Wellbrexa yet?,Entertainment Weekly,https://ew.com/matlock-season-2-ending-explained-11956487,2026-04-24T03:07:23.9225376Z,2026-04-25T12:30:44.365491+00:00
Erin Moriarty 'shredded up' knee ahead of important 'The Boys' shoot amid Graves battle,Entertainment Weekly,https://ew.com/erin-moriarty-injured-knee-ahead-of-the-boys-shoot-amid-graves-battle-11957679,2026-04-24T02:22:19.9128999Z,2026-04-25T12:30:44.365491+00:00
Christopher Briney has thoughts on a 'Hacks' spinoff about his pop-star character,Entertainment Weekly,https://ew.com/hacks-christopher-briney-pop-star-role-spinoff-idea-11950067,2026-04-24T01:37:30.0625599Z,2026-04-25T12:30:44.365491+00:00
'The Rocky Horror Show' review: Luke Evans was born to wear fishnets,Entertainment Weekly,https://ew.com/the-rocky-horror-show-review-luke-evans-born-to-wear-fishnets-on-broadway-11956084,2026-04-24T01:37:24.2671329Z,2026-04-25T12:30:44.365491+00:00
Andy Cohen calls the ‘Summer House’ reunion 'one of the most intense' he's filmed: 'Every question was asked',Entertainment Weekly,https://ew.com/andy-cohen-calls-summer-house-reunion-intense-11957662,2026-04-24T01:37:19.1434132Z,2026-04-25T12:30:44.365491+00:00
"Mike Vrabel is working to be 'best version of me,' after more Dianna Russini canoodling pics emerge",Entertainment Weekly,https://ew.com/new-england-patriots-coach-mike-vrabel-speaks-after-more-dianna-russini-pics-emerge-11957515,2026-04-24T01:22:22.6454417Z,2026-04-25T12:30:44.365491+00:00
Denise Richards says she and late ex Patrick Muldoon 'were supposed to do press this week' for their new movie,Entertainment Weekly,https://ew.com/denise-richards-worked-with-late-ex-patrick-muldoon-in-final-movie-11957621,2026-04-23T23:52:16.2656251Z,2026-04-25T12:30:44.365491+00:00
"Nikola Jokic, Nuggets have night to forget in Game 3 blowout loss - ESPN",ESPN,https://www.espn.com/nba/story/_/id/48578341/nikola-jokic-nuggets-night-forget-game-3-blowout-loss,2026-04-24T06:16:46Z,2026-04-25T12:30:44.835157+00:00
"Eagles trade with Cowboys, pick Makai Lemon at No. 20 in NFL draft - ESPN",ESPN,https://www.espn.com/nfl/story/_/id/48576281/eagles-trade-cowboys-pick-makai-lemon-no-20-nfl-draft,2026-04-24T02:07:39Z,2026-04-25T12:30:44.835157+00:00
CJ McCollum's jumper gives Hawks 2-1 series lead vs. Knicks - ESPN,ESPN,https://www.espn.com/nba/story/_/id/48576273/cj-mccollum-jumper-gives-hawks-2-1-series-lead-vs-knicks,2026-04-24T02:05:40Z,2026-04-25T12:30:44.835157+00:00
Rams select QB Ty Simpson with No. 13 pick in NFL draft - ESPN,ESPN,https://www.espn.com/nfl/story/_/id/48575685/rams-select-qb-ty-simpson-no-13-pick-nfl-draft,2026-04-24T01:27:18Z,2026-04-25T12:30:44.835157+00:00
"2026 NFL draft superlatives: Mendoza, Ohio State among standouts - ESPN",ESPN,https://www.espn.com/nfl/story/_/id/48573834/2026-nfl-draft-superlatives,2026-04-24T01:17:00Z,2026-04-25T12:30:44.835157+00:00
"Cowboys trade up one spot, pick Caleb Downs at 11 in NFL draft - ESPN",ESPN,https://www.espn.com/nfl/story/_/id/48575458/cowboys-trade-one-spot-pick-caleb-downs-11-nfl-draft,2026-04-24T01:16:04Z,2026-04-25T12:30:44.835157+00:00
"Giants draft Arvell Reese at No. 5, then Francis Mauigoa at 10 - ESPN",ESPN,https://www.espn.com/nfl/story/_/id/48575339/giants-draft-arvell-reese-no-5-francis-mauigoa-10,2026-04-24T01:06:14Z,2026-04-25T12:30:44.835157+00:00
Chiefs take Mansoor Delane after NFL draft trade with Browns - ESPN,ESPN,https://www.espn.com/nfl/story/_/id/48575049/chiefs-take-mansoor-delane-nfl-draft-trade-browns,2026-04-24T00:50:30Z,2026-04-25T12:30:44.835157+00:00
Raiders take Fernando Mendoza with No. 1 pick in NFL draft - ESPN,ESPN,https://www.espn.com/nfl/story/_/id/48574585/raiders-take-fernando-mendoza-no-1-pick-nfl-draft,2026-04-24T00:12:55Z,2026-04-25T12:30:44.835157+00:00
PCB hands Umar Akmal three-year ban from all cricket | ESPNcricinfo.com,ESPN Cric Info,http://www.espncricinfo.com/story/_/id/29103103/pcb-hands-umar-akmal-three-year-ban-all-cricket,2020-04-27T11:41:47Z,2026-04-25T12:30:45.365730+00:00
"Akram's yorkers, Hegg's hits, and Chapple's 6 for 18 | ESPNcricinfo.com",ESPN Cric Info,http://www.espncricinfo.com/story/_/id/29102935/o-my-akram-my-hegg-long-ago,2020-04-27T10:24:08Z,2026-04-25T12:30:45.365730+00:00
'It was the first time we realised we can also cry after winning a game',ESPN Cric Info,https://www.thecricketmonthly.com/story/1221473/-it-was-the-first-time-we-realised-we-can-also-cry-after-winning-a-game,2020-04-27T09:37:16.8323585Z,2026-04-25T12:30:45.365730+00:00
Five famous people (and one cat) you didn't know have ESPNcricinfo profiles | ESPNcricinfo.com,ESPN Cric Info,http://www.espncricinfo.com/story/_/id/29102695/five-famous-people-one-cat-know-espncricinfo-profiles,2020-04-27T07:20:43Z,2026-04-25T12:30:45.365730+00:00
Sri Lanka don't win the 1996 World Cup | ESPNcricinfo.com,ESPN Cric Info,http://www.espncricinfo.com/story/_/id/29101950/sri-lanka-had-not-won-1996-world-cup,2020-04-27T01:00:01Z,2026-04-25T12:30:45.365730+00:00
I'm fighting my own benchmarks - R Ashwin | ESPNcricinfo.com,ESPN Cric Info,http://www.espncricinfo.com/story/_/id/29102228/fighting-my-own-benchmarks-r-ashwin,2020-04-25T03:00:09Z,2026-04-25T12:30:45.365730+00:00
"The Coronavirus soap opera, starring KP, Warnie, Mahela | ESPNcricinfo.com",ESPN Cric Info,http://www.espncricinfo.com/story/_/id/28979161/andrew-fernando-satirical-look-back-cricket-march-2020,2020-04-01T10:15:40Z,2026-04-25T12:30:45.365730+00:00
Five CSK games only hardcore fans will remember | ESPNcricinfo.com,ESPN Cric Info,http://www.espncricinfo.com/story/_/id/28974528/five-csk-games-only-hardcore-fans-remember,2020-03-31T10:23:03Z,2026-04-25T12:30:45.365730+00:00
'This is a ball the whole world will remember' - Saeed Ajmal v Sachin Tendulkar revisited | ESPNcricinfo.com,ESPN Cric Info,http://www.espncricinfo.com/story/_/id/28973835/this-ball-whole-world-remember-saeed-ajmal-v-sachin-tendulkar-revisited,2020-03-30T18:45:45Z,2026-04-25T12:30:45.365730+00:00
What we learned from watching the 1992 World Cup final in full again | ESPNcricinfo.com,ESPN Cric Info,http://www.espncricinfo.com/story/_/id/28970907/learned-watching-1992-world-cup-final-full-again,2020-03-30T15:26:05Z,2026-04-25T12:30:45.365730+00:00
Why a former SoftBank partner is tackling mid-career drop-off for working mothers,Fortune,https://fortune.com/2022/06/01/former-softbank-partner-tackling-mid-career-drop-off-for-working-mothers/,2022-06-01T13:22:34Z,2026-04-25T12:30:45.825263+00:00
Unprofitable companies needed to be profitable yesterday,Fortune,https://fortune.com/2022/06/01/unprofitable-companies-needed-to-be-profitable-yesterday/,2022-06-01T12:29:29Z,2026-04-25T12:30:45.825263+00:00
Elon Musk crows as German authorities start treating greenwashing as fraud,Fortune,https://fortune.com/2022/06/01/elon-musk-germany-esg-greenwashing-fraud-deutsche-bank-dws/,2022-06-01T10:55:13Z,2026-04-25T12:30:45.825263+00:00
A new report shows how badly the Trump administration slashed the U.S.’s climate credentials,Fortune,https://fortune.com/2022/06/01/trump-us-climate-action-paris-accord-methane-yale-environmental-performance-index/,2022-06-01T10:31:29Z,2026-04-25T12:30:45.825263+00:00
"Buybacks vs dividends? In market downturns, the rules may change",Fortune,https://fortune.com/2022/06/01/buybacks-vs-dividends-stock-market-downturns-recession-cfo-daily-newsletter/,2022-06-01T10:15:00Z,2026-04-25T12:30:45.825263+00:00
Why Tinder wants to end the FDA’s discriminatory blood donor policy,Fortune,https://fortune.com/2022/06/01/tinder-fda-discrimination-blood-donor-policy-renate-nybor/,2022-06-01T09:30:00Z,2026-04-25T12:30:45.825263+00:00
The forgotten true story behind Memorial Day—and why it matters now more than ever,Fortune,https://fortune.com/2022/05/31/forgotten-true-story-behind-memorial-day-martyrs-of-the-race-course-why-it-matters-now/,2022-05-31T21:41:09Z,2026-04-25T12:30:45.825263+00:00
4 vital steps that U.S. CEOs must take in the economic battle with China,Fortune,https://fortune.com/2022/05/31/china-us-trade-competition-decoupling-supply-chains-intellectual-property/,2022-05-31T13:00:00Z,2026-04-25T12:30:45.825263+00:00
The next Silicon Valley may not exist. Here’s what smaller hubs can do to attract VC dollars,Fortune,https://fortune.com/2022/05/27/next-silicon-valley-exist-smaller-hubs-attract-vc-dollars-startups-entrepreneurs-ey-jeff-grabow/,2022-05-27T13:20:00Z,2026-04-25T12:30:45.825263+00:00
Boris Johnson has survived Partygate–and he’s coming for Northern Ireland,Fortune,https://fortune.com/2022/05/27/boris-johnson-survived-partygate-uk-politics-leadership-international-northern-ireland-international-marina-purkiss/,2022-05-27T10:45:00Z,2026-04-25T12:30:45.825263+00:00
Live Updates: Trump rejects idea of nuclear weapon against Iran as Israel-Lebanon ceasefire gets extended,Fox News,https://www.foxnews.com/live-news/iran-war-trump-us-ceasefire-deal-strait-hormuz-israel-lebanon-april-24,2026-04-24T12:07:27.9087306Z,2026-04-25T12:30:46.315414+00:00
Watch Fox News Channel Online | Stream Fox News,Fox News,https://www.foxnews.com/video/5614615980001,2026-04-24T12:07:22.8631171Z,2026-04-25T12:30:46.315414+00:00
"Carrie Ann Inaba shares her struggle to manage hidden, invisible illness: 'It's real'",Fox News,https://www.foxnews.com/health/carrie-ann-inaba-shares-struggle-manage-hidden-invisible-illness-real,2026-04-24T11:52:25.9064205Z,2026-04-25T12:30:46.315414+00:00
Virginia’s map war lays bare state's sharp partisan turn as legal fight looms,Fox News,https://www.foxnews.com/politics/virginias-map-war-lays-bare-states-sharp-partisan-turn-legal-fight-looms,2026-04-24T11:52:22.0636319Z,2026-04-25T12:30:46.315414+00:00
"Zodiac Killer may be tied to Black Dahlia case after ‘code cracked,’ new suspect emerges",Fox News,https://www.foxnews.com/us/zodiac-killer-may-tied-black-dahlia-case-code-cracked-new-suspect-emerges,2026-04-24T11:22:28.8306699Z,2026-04-25T12:30:46.315414+00:00
Social media erupts after Mamdani's far-left supporters turn on him over homeless shelter: 'Oops',Fox News,https://www.foxnews.com/politics/social-media-erupts-after-mamdanis-far-left-supporters-turn-on-him-homeless-shelter,2026-04-24T11:22:23.2383168Z,2026-04-25T12:30:46.315414+00:00
US economic chokehold on Iran reaches peak leverage as collapse risks emerge,Fox News,https://www.foxnews.com/world/us-economic-chokehold-iran-reaches-peak-leverage-collapse-risks-emerge,2026-04-24T11:07:18.5302938Z,2026-04-25T12:30:46.315414+00:00
"Rams make surprise first-round move, take Alabama QB Ty Simpson",Fox News,https://www.foxnews.com/sports/rams-make-surprise-first-round-move-take-alabama-qb-ty-simpson,2026-04-24T02:37:23.8357496Z,2026-04-25T12:30:46.315414+00:00
Patriots' Mike Vrabel speaks out after kissing photos with NFL reporter Dianna Russini leak,Fox News,https://www.foxnews.com/sports/patriots-mike-vrabel-speaks-kissing-photos-nfl-reporter-dianna-russini-leak,2026-04-24T00:22:25.3464344Z,2026-04-25T12:30:46.315414+00:00
"Rep Tim Burchett convinced that aliens exist, says he's 'seen too much' in government briefings",Fox News,https://www.foxnews.com/media/rep-tim-burchett-convinced-aliens-exist-says-hes-seen-too-much-government-briefings,2026-04-23T21:22:27.2176002Z,2026-04-25T12:30:46.315414+00:00
2026-27 NFL Defensive Rookie of the Year Odds: Can Bailey Beat Out Buckeyes?,Fox Sports,https://www.foxsports.com/stories/nfl/2026-27-nfl-defensive-rookie-year-odds,2026-04-24T06:22:06.1559016Z,2026-04-25T12:30:46.795608+00:00
2026-27 NFL Offensive Rookie of the Year Odds: Love or Mendoza Favored Early?,Fox Sports,https://www.foxsports.com/stories/nfl/2026-27-nfl-offensive-rookie-year-odds,2026-04-24T05:52:30.7055107Z,2026-04-25T12:30:46.795608+00:00
2026 NFL Second-Round Mock Draft: 49ers Open Friday With High-Upside Defender,Fox Sports,https://www.foxsports.com/stories/nfl/2026-nfl-second-round-mock-draft,2026-04-24T05:07:27.8277176Z,2026-04-25T12:30:46.795608+00:00
"2025-26 NBA Playoff Odds: Spreads, Lines for First-Round Series",Fox Sports,https://www.foxsports.com/stories/nba/2025-26-nba-playoff-odds-spreads-lines-play-in-first-round-series,2026-04-24T05:07:05.0521598Z,2026-04-25T12:30:46.795608+00:00
5 Takeaways From the First Round of the 2026 NFL Draft,Fox Sports,https://www.foxsports.com/stories/nfl/5-takeaways-from-1st-round-2026-nfl-draft,2026-04-24T04:52:27.9150832Z,2026-04-25T12:30:46.795608+00:00
2026 NFL Draft Big Board: The 100 Best Players Available on Night 2,Fox Sports,https://www.foxsports.com/stories/nfl/2026-nfl-draft-big-board-100-best-players-available-night-2,2026-04-24T04:52:27.0715438Z,2026-04-25T12:30:46.795608+00:00
Nigel De Jong&#39;s Studs-Up Kick On Xabi Alonso Joins Top World Cup Moments List,Fox Sports,https://www.foxsports.com/stories/soccer/world-cup-100-best-moments-messi-maradona-ronaldo-pele-mbappe-usa,2026-04-24T04:52:26.1030366Z,2026-04-25T12:30:46.795608+00:00
Breaking Down 1 World Cup Player To Watch From All 48 Teams,Fox Sports,https://www.foxsports.com/stories/soccer/world-cup-top-players-48-countries-teams,2026-04-24T04:37:22.9148807Z,2026-04-25T12:30:46.795608+00:00
"2026 NFL Draft Trades Tracker, Grades: Cowboys Trade Up to No. 11",Fox Sports,https://www.foxsports.com/stories/nfl/2026-nfl-draft-trades-tracker-grades,2026-04-24T01:22:21.2239222Z,2026-04-25T12:30:46.795608+00:00
2026 NFL Draft grades: Does Fernando Mendoza Merit an &#39;A&#39; for Raiders?,Fox Sports,https://www.foxsports.com/stories/nfl/2026-nfl-draft-grades,2026-04-24T00:52:20.835639Z,2026-04-25T12:30:46.795608+00:00
